Title,Artist,Length(sec)
Title1,Artist1,1
Title2,Artist2,2
Title3,Artist3,3
Title4,Artist4,4
Title5,Artist5,5
Title6,Artist6,6
Title7,Artist7,7
Title8,Artist8,8
Title9,Artist9,9
Title10,Artist10,10
Title11,Artist11,11
Title12,Artist12,12
Title13,Artist13,13
Title14,Artist14,14
Title15,Artist15,15
Title16,Artist16,16
Title17,Artist17,17
Title18,Artist18,18
Title19,Artist19,19
Title20,Artist20,20
Title21,Artist21,21
Title22,Artist22,22
Title23,Artist23,23
Title24,Artist24,24
Title25,Artist25,25
Title26,Artist26,26
Title27,Artist27,27
Title28,Artist28,28
Title29,Artist29,29
Title30,Artist30,30
Title31,Artist31,31
Title32,Artist32,32
Title33,Artist33,33
Title34,Artist34,34
Title35,Artist35,35
Title36,Artist36,36
Title37,Artist37,37
Title38,Artist38,38
Title39,Artist39,39
Title40,Artist40,40
Title41,Artist41,41
Title42,Artist42,42
Title43,Artist43,43
Title44,Artist44,44
Title45,Artist45,45
Title46,Artist46,46
Title47,Artist47,47
Title48,Artist48,48
Title49,Artist49,49
Title50,Artist50,50
